time,right_s0,right_s1,right_e0,right_e1,right_w0,right_w1,right_w2
0.743024,0.67491860334,-0.737554829887,0.111642038974,1.16690407357,-0.128809500664,1.09761861981,-0.0571404448947
0.753005,0.675437381714,-0.737506340979,0.112420136217,1.16733019575,-0.12788593306,1.09774976355,-0.0564878510392
0.762987,0.676053714478,-0.737581929789,0.112993405498,1.1681490288,-0.127026966043,1.09778086555,-0.0557486815642
0.772968,0.676715691492,-0.737397537115,0.113671585327,1.16912406308,-0.126488566665,1.09841235466,-0.0547935574206
0.782949,0.677367932606,-0.737216716665,0.114223060063,1.16996657112,-0.126022041094,1.09859297579,-0.0541541119017
0.792931,0.677995989212,-0.737421029227,0.115012731503,1.170826574,-0.125629023114,1.09806223097,-0.053855694284
0.802912,0.678610490234,-0.737493396683,0.115846233564,1.17173978927,-0.125107072508,1.09821144914,-0.0534967703995
0.812894,0.67930877666,-0.737196509201,0.116344176259,1.17223963108,-0.124544045853,1.0989162994,-0.0530129934025
0.822875,0.68007149374,-0.736949746753,0.116581350289,1.17237914533,-0.124008680977,1.09923221203,-0.0525069998244
0.832856,0.680746661132,-0.737073637396,0.116953823861,1.17297158892,-0.123166850511,1.09943214182,-0.0520171718196
0.842838,0.681317107848,-0.737211617446,0.117676705656,1.17357754585,-0.122585520075,1.09968111184,-0.0516493790509
0.852819,0.68136622245,-0.737068903874,0.118149743662,1.17415463978,-0.122354714631,1.0997703028,-0.0514674255489
0.862800,0.681503143253,-0.736871715518,0.118503840971,1.1748273751,-0.122382878077,1.10008544833,-0.0507808834692
0.872782,0.682077173549,-0.736591964536,0.118908371717,1.17531799571,-0.122101082887,1.10012367225,-0.0502990332982
0.882763,0.682811127639,-0.736114701091,0.119295094508,1.17592191413,-0.121587143691,1.1000989943,-0.0499787485416
0.892745,0.683360230574,-0.735975633076,0.119365720537,1.17647990346,-0.120935790466,1.10028642382,-0.0494890374071
0.902726,0.683720900401,-0.736308431483,0.119240200106,1.1767986629,-0.12016182768,1.10050496342,-0.0489829916087
0.912707,0.684256570347,-0.736310529826,0.119745991448,1.17735819823,-0.119669186087,1.10072473119,-0.0484195166579
0.922689,0.684714347042,-0.736395390866,0.120488921078,1.17747979996,-0.119403402894,1.10059929881,-0.0480386524167
0.932670,0.685062193857,-0.736409393748,0.120876699844,1.17755802424,-0.11947228314,1.10021393525,-0.0479104022213
0.942651,0.685267088191,-0.736193939752,0.12112840681,1.17810925684,-0.119541280453,1.10000923381,-0.0478842200796
0.952633,0.685767291078,-0.735848912786,0.121575255397,1.17870097299,-0.118970845033,1.10004258319,-0.0475900897106
0.962614,0.686247319688,-0.735620212505,0.122018459896,1.1788513556,-0.11849338837,1.10024246419,-0.0471775698963
0.972595,0.686570971746,-0.73564018541,0.122149826726,1.1789255314,-0.118326787623,1.10048860524,-0.0468554090975
0.982577,0.686926326176,-0.735798747777,0.12227811588,1.17923058034,-0.118051964387,1.10061274277,-0.0465870737989
0.992558,0.687071458829,-0.735706527114,0.122988406185,1.17951974337,-0.117936422531,1.10068050406,-0.0464019479747
1.002540,0.687303818906,-0.735313780604,0.123347662432,1.1801464862,-0.117726127813,1.10069080227,-0.0463017152351
1.012521,0.687720121307,-0.735094455735,0.123188394283,1.1807742895,-0.117330637519,1.1005971437,-0.0460042660482
1.022502,0.688091815182,-0.735230417219,0.123526049424,1.18101951077,-0.116963204878,1.10069350758,-0.0456933245284
1.032484,0.688369243944,-0.735648686769,0.12392675712,1.1809990351,-0.116613663728,1.1008635645,-0.0456177614564
1.042465,0.688841293955,-0.735755430959,0.123959169697,1.18115443385,-0.116751609157,1.1009582924,-0.0455751184712
1.052446,0.689297959894,-0.735798665307,0.124032965885,1.1813991577,-0.116913900687,1.10110748468,-0.0453288325143
1.062428,0.689342613213,-0.736253308212,0.124188096502,1.18155109031,-0.116316637539,1.10118852476,-0.0448028772594
1.072409,0.689270351568,-0.736381545711,0.12410394108,1.18181354935,-0.115890831865,1.10084792282,-0.0443667686519
1.082390,0.689337164566,-0.736269386839,0.124332020275,1.18189404073,-0.115927820723,1.10048068301,-0.044477764077
1.092372,0.68945246318,-0.736326824735,0.124749252837,1.18197359779,-0.115779426486,1.10013286228,-0.0443388843476
1.102353,0.689406688773,-0.736416759732,0.125042481584,1.18213070678,-0.115381884278,1.09972083069,-0.044327754968
1.112335,0.689128606147,-0.73627871007,0.125060998108,1.18241789987,-0.115062029892,1.0998847389,-0.0442898125032
1.122316,0.689269305966,-0.735996003475,0.125047692223,1.18247972232,-0.114786614756,1.10021075492,-0.0442049596995
1.132297,0.689722811473,-0.735861038759,0.125315854097,1.18241333446,-0.114786745411,1.10041765397,-0.0441274673476
1.142279,0.689911487141,-0.735908055699,0.125660050944,1.18260753083,-0.115112329091,1.10062977458,-0.0440439131272
1.152260,0.690158650885,-0.735662091802,0.125474622035,1.18266175503,-0.115039923549,1.10048263554,-0.0441997732689
1.162241,0.690342150466,-0.735443102341,0.125271606578,1.18246207202,-0.114934377698,1.10062004574,-0.0440136386742
1.172223,0.690425460425,-0.736019790552,0.125359343913,1.18253416003,-0.114946686686,1.10104922535,-0.0435277848218
1.182204,0.690343317755,-0.736321453598,0.1254361724,1.18287894927,-0.114654728674,1.10121948577,-0.0433639862832
1.192186,0.690260852145,-0.736194618443,0.125832486793,1.18312336454,-0.11418782971,1.10128953673,-0.0438072903289
1.202167,0.69016741621,-0.736134134296,0.126122158083,1.18301260984,-0.11411939947,1.10120012399,-0.0440193129697
1.212148,0.690142187086,-0.736238424065,0.126192360395,1.18292018351,-0.114353477943,1.10111060811,-0.0436785456476
1.222130,0.69024520516,-0.736444559188,0.126368015697,1.18307971418,-0.114429382616,1.10130806618,-0.0433155775221
1.232111,0.69023499211,-0.736663381556,0.126247109786,1.1829577092,-0.114274005822,1.1011551666,-0.0432358650862
1.242092,0.690375551689,-0.737061162698,0.126313312442,1.18302182174,-0.113953708536,1.1006479827,-0.0433204962143
1.252074,0.690537292087,-0.737317350613,0.126411232057,1.18308948332,-0.114081210116,1.10011251425,-0.0432855398903
1.262055,0.69074384185,-0.737361245082,0.126315573159,1.18282568409,-0.114569629809,1.10010328338,-0.0434749957498
1.272036,0.690769969823,-0.737087392571,0.126193390894,1.1825694865,-0.114612772886,1.10004381325,-0.0436968637106
1.282018,0.69066391576,-0.736786141332,0.126077284668,1.18261706068,-0.114359294191,1.09967200755,-0.0435279608064
1.291999,0.690532273099,-0.736787443686,0.126200089845,1.18271915679,-0.114229573606,1.09902081941,-0.0431694919362
1.301981,0.69049164111,-0.737061857845,0.12657081717,1.18276366902,-0.11413324548,1.09826722653,-0.0431623516249
1.311962,0.69078493673,-0.737359265149,0.126517114437,1.18301420749,-0.114056128457,1.09811808463,-0.043456645226
1.321943,0.691017062067,-0.737505064674,0.12654969962,1.18303167691,-0.114221486494,1.09804038316,-0.043443738736
1.331925,0.691200970729,-0.737528598889,0.126609527773,1.18298029188,-0.114156249619,1.09758766392,-0.0431748874851
1.341906,0.691166586251,-0.7374357213,0.126496713855,1.18309251929,-0.114238234506,1.09735592813,-0.0428545384562
1.351887,0.691035744243,-0.737725513345,0.126491638636,1.18308807683,-0.114199345601,1.09754981338,-0.0426698091452
1.361869,0.690974280255,-0.737963280764,0.126598614164,1.18295731033,-0.114088582639,1.09778276513,-0.0425287859777
1.371850,0.691035995899,-0.737816833701,0.126554470464,1.18288025301,-0.114080485991,1.0981335162,-0.0425501461948
1.381832,0.691123573523,-0.737717826458,0.126289026371,1.18285082793,-0.114118743363,1.09864033925,-0.0428062591648
1.391813,0.690989109821,-0.737729357952,0.126176366649,1.18282326234,-0.114325548913,1.09894808129,-0.0428087452664
1.401794,0.690939727379,-0.737875141237,0.126571783321,1.18279184816,-0.114191073539,1.09949505302,-0.0428057133637
1.411776,0.691191105243,-0.738333534809,0.126877049778,1.18278023883,-0.114020994689,1.09956904257,-0.0429738740684
1.421757,0.691438012284,-0.738500526696,0.126805590867,1.18287941,-0.113982156394,1.09973476301,-0.0431434899239
1.431738,0.691474222684,-0.738394864114,0.126776364069,1.18284193472,-0.113897733165,1.10036734384,-0.0431101440625
1.441720,0.691309501721,-0.738667615723,0.126958126589,1.18257358494,-0.114001885361,1.10121767643,-0.0432147530908
1.451701,0.690991801531,-0.739222719878,0.126984219923,1.18228682648,-0.114332648045,1.10208161851,-0.0434565466011
1.461682,0.69081073132,-0.739350471146,0.126590075329,1.18222047051,-0.114456668672,1.10270096614,-0.0433267041951
1.471664,0.690964109879,-0.739212965943,0.126198984946,1.18239296787,-0.11428787125,1.10307551209,-0.0430495754541
1.481645,0.690891589137,-0.739621893406,0.1260526404,1.18253823981,-0.11417343022,1.10354700295,-0.0432100267783
1.491627,0.690610599474,-0.740294410274,0.126122820337,1.18235736599,-0.114483965186,1.10365812552,-0.0434972940705
1.501608,0.690529849349,-0.740570338736,0.126057232628,1.18232018589,-0.114491253665,1.10380177679,-0.043752122798
1.511589,0.690686244868,-0.740572980314,0.125774314108,1.18220893533,-0.11435712123,1.10430138366,-0.0437040642892
1.521571,0.690603551233,-0.740886376612,0.125613995748,1.18202195053,-0.114423007196,1.10484199699,-0.0436034145808
1.531552,0.690172815062,-0.741292555317,0.125589288106,1.18192284893,-0.114538237626,1.10508072585,-0.0437153620886
1.541533,0.690008357667,-0.74121400657,0.125492708102,1.18179820038,-0.114608751415,1.10493011537,-0.0439088350399
1.551515,0.690484212101,-0.741236349375,0.125569031957,1.18180068487,-0.114674187458,1.10455673798,-0.0441068324242
1.561496,0.690873390157,-0.741733097525,0.125705000439,1.18186129949,-0.114741354062,1.1041440538,-0.0441320558374
1.571478,0.690906224295,-0.74223600371,0.125489829944,1.18195609749,-0.114810178245,1.10422973816,-0.0441059118649
1.581459,0.690670104156,-0.742839010403,0.125180158451,1.1818667768,-0.114880650036,1.10489038844,-0.0441425395373
1.591440,0.690429090679,-0.743353255125,0.125050355605,1.18167256883,-0.114961389907,1.10542305597,-0.0442251466988
1.601422,0.690288377659,-0.74366821498,0.125186859926,1.18153265819,-0.115142558254,1.10548724895,-0.0444040363285
1.611403,0.690277855599,-0.743820918386,0.125306397272,1.18144055362,-0.115392499514,1.10532158315,-0.0445742519957
1.621384,0.690370265721,-0.743961677576,0.12497692338,1.18135206959,-0.115486718778,1.10536193661,-0.0445544842383
1.631366,0.690479738118,-0.744457020797,0.124615425725,1.18131471996,-0.115449785044,1.10570028801,-0.0446035539185
1.641347,0.690746232396,-0.744855101495,0.124599398428,1.18131943211,-0.115584304618,1.10595637362,-0.0447974622092
1.651328,0.69095633741,-0.745161676558,0.124751357353,1.18105986663,-0.115767062994,1.10618527251,-0.044809620446
1.661310,0.691239020218,-0.745518515603,0.124553606509,1.18083622379,-0.115871604212,1.10649259647,-0.0444871289337
1.671291,0.691589768419,-0.746014962043,0.124083339641,1.18056709454,-0.115835278006,1.10693912615,-0.0442330337669
1.681273,0.691895505958,-0.746445754034,0.123634821144,1.18039442387,-0.115865442833,1.10732955784,-0.0443968936247
1.691254,0.692300465376,-0.746572515332,0.123456755194,1.18041562312,-0.116208583499,1.10756404489,-0.0447405878618
1.701235,0.692712131198,-0.746771177799,0.123455016375,1.1802332614,-0.116673039699,1.10788083499,-0.0447607178478
1.711217,0.692672396002,-0.747546318921,0.123086907886,1.17998605661,-0.116897866493,1.1083755836,-0.0446506038363
1.721198,0.692805938213,-0.74812345048,0.122837260123,1.18004510792,-0.117280280996,1.10885787879,-0.0448028262914
1.731179,0.693221577356,-0.748865483611,0.12264893963,1.18002592411,-0.117760949738,1.10943329255,-0.0451327259617
1.741161,0.69350843861,-0.749901484481,0.122452056682,1.17985221388,-0.11808159015,1.11041304502,-0.045285966889
1.751142,0.693763820377,-0.750755969348,0.122201368471,1.17969493246,-0.118347065237,1.11204264659,-0.0455073170462
1.761123,0.694104436794,-0.751489141841,0.121954140743,1.17949003557,-0.118605118232,1.11389013924,-0.0456713173938
1.771105,0.694409948774,-0.752396782176,0.121798245572,1.17928909116,-0.118774493553,1.11555561606,-0.0456408942893
1.781086,0.694650878356,-0.753566594354,0.121711796708,1.17927519894,-0.118996702181,1.1172343887,-0.0457510924565
1.791068,0.694834014974,-0.754828986042,0.121584300686,1.17925878501,-0.119385140711,1.11918011835,-0.0459671204126
1.801049,0.694970539674,-0.755675969851,0.121307710877,1.17921044855,-0.119586094172,1.12131936396,-0.0462474195609
1.811030,0.695315948417,-0.756565124933,0.120975495977,1.1792388977,-0.119757463658,1.12339203777,-0.046459230723
1.821012,0.695391634367,-0.757813711265,0.120966738158,1.17915104367,-0.119945073664,1.12572694656,-0.0464634161895
1.830993,0.695355075746,-0.759316842324,0.120914194827,1.17904370506,-0.119948766245,1.12819940802,-0.046522715266
1.840974,0.695358839978,-0.76078959028,0.120727160416,1.17883684122,-0.119684181159,1.13082888345,-0.0467156562647
1.850956,0.69530499622,-0.762181915049,0.120591871993,1.1783823775,-0.11941803458,1.13373954787,-0.0468859648903
1.860937,0.695358330398,-0.763684915722,0.120469348259,1.17803983406,-0.119430332556,1.13669481681,-0.0469283285021
1.870919,0.695557266526,-0.765226548066,0.120518350893,1.17813928818,-0.119281075963,1.13975603156,-0.0467554850434
1.880900,0.695850092586,-0.766842163991,0.120600771207,1.1782830605,-0.118758248243,1.14316048978,-0.0464368069973
1.890881,0.696354347528,-0.768533192224,0.12028368264,1.17838995616,-0.118270347388,1.14671620018,-0.0464042525492
1.900863,0.696725375633,-0.770293567495,0.120088522605,1.17842153215,-0.118225883765,1.14986771924,-0.046821894752
1.910844,0.696662303104,-0.772278756446,0.120360537652,1.17824105798,-0.118415802074,1.15272605045,-0.0470533717658
1.920825,0.696400788372,-0.774261513672,0.120269873894,1.17788137147,-0.118578377886,1.15556371118,-0.0470574935664
1.930807,0.696280230907,-0.775996198044,0.119791540298,1.17766094744,-0.118748002557,1.15856665857,-0.0471740224874
1.940788,0.696396194839,-0.777834438293,0.119846086358,1.17768472689,-0.118779776325,1.16180683624,-0.0474049778239
1.950769,0.696608894552,-0.780109480485,0.119824127574,1.17752965108,-0.118439124402,1.16487740892,-0.0475943146881
1.960751,0.696838308965,-0.78231742584,0.119786406152,1.17744645008,-0.118533514481,1.16784506045,-0.047496463288
1.970732,0.69708487396,-0.784073703376,0.119906128728,1.17715652932,-0.118889856534,1.17080035473,-0.0473784550984
1.980714,0.697451083303,-0.78612862481,0.11987211635,1.17707064269,-0.118996042089,1.17346278447,-0.0476490926703
1.990695,0.697832397695,-0.788761978387,0.119587493849,1.17704700598,-0.119132653623,1.17634896855,-0.0479402094317
2.000676,0.698043202316,-0.791551104169,0.119457406995,1.17690633536,-0.119021978757,1.17929224359,-0.0480191195894
2.010658,0.698177352277,-0.794023029925,0.119558540388,1.17689144579,-0.118553049786,1.18186505209,-0.0481827553601
2.020639,0.698484823661,-0.79613246108,0.119488645415,1.17703851647,-0.118409250562,1.1843052864,-0.0485600779892
2.030620,0.69885436106,-0.798564422374,0.119242356005,1.1770610655,-0.118435300179,1.18651545969,-0.0487545366886
2.040602,0.699268762846,-0.80124246461,0.118882391059,1.1770117355,-0.118854926432,1.18857994732,-0.0489009444311
2.050583,0.699626555905,-0.804163200596,0.118790088348,1.17705000337,-0.119558334646,1.19045532683,-0.0489705768097
2.060565,0.699758828534,-0.807049598936,0.118791902394,1.17709609627,-0.119832038078,1.19259480931,-0.0490888483005
2.070546,0.699732645771,-0.809870185536,0.118673693927,1.17705590488,-0.119812213574,1.19484068841,-0.0492765823596
2.080527,0.699910450792,-0.812719742415,0.118616992328,1.17704658264,-0.119564556099,1.19671853348,-0.0493505621234
2.090509,0.700460422699,-0.815485868912,0.118634751329,1.17711491894,-0.119107106803,1.19831682517,-0.049345331881
2.100490,0.701058391948,-0.81807328079,0.118539032508,1.17716697049,-0.118977721914,1.20011783244,-0.0494535155266
2.110471,0.70144245102,-0.820792879008,0.118530231321,1.17724619325,-0.119192148882,1.20221966075,-0.0494747203115
2.120453,0.701732007325,-0.823785356878,0.11849594931,1.17724288784,-0.119615781359,1.20460035494,-0.0494925681548
2.130434,0.702106175462,-0.826721869006,0.11820381651,1.17705106058,-0.11997923845,1.20651373068,-0.0497002377946
2.140415,0.702503259365,-0.829799396107,0.118079856732,1.17692423264,-0.120030205395,1.20729018376,-0.0500543728089
2.150397,0.702902767438,-0.832967961991,0.118186537153,1.17691300856,-0.119961287144,1.20798800991,-0.0501506080712
2.160378,0.703215698722,-0.835943902975,0.118084915084,1.17679074473,-0.119966405143,1.20925476455,-0.0500747618567
2.170360,0.703305748831,-0.838779986995,0.117814394654,1.17645738274,-0.119977395156,1.21073249708,-0.0500881288627
2.180341,0.703330221969,-0.841805285699,0.117821419489,1.17607989185,-0.119890564028,1.2121367113,-0.0501405128551
2.190322,0.703632662572,-0.844949302715,0.117696696868,1.17584175623,-0.119940782925,1.21358614405,-0.0502923625367
2.200304,0.704122026483,-0.847972659506,0.117275683992,1.17573897952,-0.120241722428,1.21492316451,-0.0504260800333
2.210285,0.704574595498,-0.851326495624,0.117019048503,1.17576418705,-0.120342602726,1.2162686908,-0.0502890824248
2.220266,0.705134928527,-0.854672862332,0.11713961123,1.17571109225,-0.120223564458,1.21755569469,-0.0501926238419
2.230248,0.705917536985,-0.857681711584,0.117387365581,1.17571853749,-0.120297458491,1.21856891921,-0.0503103761797
2.240229,0.706732818222,-0.860608243753,0.117483522887,1.17571239522,-0.120617772925,1.21949756072,-0.0504649914654
2.250210,0.707350940162,-0.863533999137,0.11740974167,1.17558807789,-0.120902904092,1.22081210842,-0.0505585126782
2.260192,0.707771924604,-0.866430534266,0.117411264379,1.17563848645,-0.120932839182,1.22246977839,-0.0508008283947
2.270173,0.708232552044,-0.869751433211,0.117359955635,1.17574235922,-0.120873792456,1.22376505086,-0.051243891424
2.280155,0.708755847418,-0.873173259136,0.117077420255,1.17573689831,-0.120800664662,1.22502925312,-0.0512875374867
2.290136,0.709201118165,-0.876376737861,0.116979962099,1.17576444023,-0.120828036019,1.22628265232,-0.0510362433634
2.300117,0.709626120713,-0.87943918357,0.117120243583,1.17571017494,-0.12066585895,1.22765791679,-0.0508493317427
2.310099,0.710134908245,-0.882398744035,0.117184569364,1.17562598246,-0.120639022832,1.22930164394,-0.0508597539748
2.320080,0.710628360818,-0.88522717054,0.117203370899,1.17561993644,-0.120965920042,1.23120678916,-0.0509357624727
2.330061,0.711042212698,-0.888153614354,0.117179568388,1.17561894995,-0.121256894226,1.23328679852,-0.0508757835966
2.340043,0.71156745269,-0.891389101393,0.116934898941,1.17558938582,-0.121200391538,1.23544616517,-0.0507397307867
2.350024,0.712362682044,-0.89448687993,0.116761186432,1.17561666517,-0.12111550236,1.23771028694,-0.0508302891289
2.360006,0.713397596051,-0.897333918771,0.116595482917,1.17549367944,-0.121013869924,1.24016709138,-0.051013048326
2.369987,0.714447194214,-0.900229896256,0.11630245147,1.17517688797,-0.120913542482,1.24267160428,-0.0511354762807
2.379968,0.715159270878,-0.903590174906,0.116145630622,1.17498766554,-0.120711132268,1.24523152129,-0.0511862878182
2.389950,0.715477646064,-0.906950625068,0.116167786703,1.17487866728,-0.120657808939,1.2481763509,-0.0509633421044
2.399931,0.715895379032,-0.90996422547,0.116186919271,1.17462834251,-0.120806599504,1.25145693617,-0.0506161699339
2.409912,0.716713185918,-0.912913234661,0.116191594222,1.1743380211,-0.120899383678,1.25480755257,-0.0503699327782
2.419894,0.717446495013,-0.916073129447,0.116244570055,1.17419393998,-0.120734349994,1.25819774988,-0.0499199011091
2.429875,0.718090310125,-0.919111131909,0.116151485323,1.17393689285,-0.120429304993,1.26148201237,-0.0491440400502
2.439856,0.719073573288,-0.922047824047,0.116007755543,1.17379843045,-0.120511843277,1.26463080501,-0.0480965742832
2.449838,0.720133492566,-0.924877778152,0.116006721068,1.17404689832,-0.120893036279,1.2679094564,-0.0471253472252
2.459819,0.721005870519,-0.927191073272,0.115863918285,1.17444491175,-0.121016529572,1.2711665896,-0.0461365414179
2.469801,0.721771077079,-0.929455881771,0.115550676481,1.17457036795,-0.121032857917,1.27458753484,-0.0449093364917
2.479782,0.722532720511,-0.932067142853,0.115318081994,1.17442378998,-0.121175345979,1.27850292354,-0.0437121940945
2.489763,0.723415249711,-0.934793999127,0.115239056704,1.17424395762,-0.121283630073,1.28261162314,-0.0428628121412
2.499745,0.724546869643,-0.937374082168,0.115179288279,1.17405369614,-0.121295709868,1.28624445469,-0.042419960955
2.509726,0.725617838233,-0.939842664043,0.115084745938,1.17373973452,-0.12146720803,1.28984288117,-0.0424886658644
2.519707,0.726209747842,-0.942102827196,0.114887099205,1.17369348509,-0.1215263264,1.29389013336,-0.0427314003721
2.529689,0.726783673947,-0.944253798655,0.114673469583,1.17404150012,-0.121496164207,1.29807752738,-0.0426660016403
2.539670,0.727904062806,-0.946544822138,0.114558053905,1.17418249532,-0.121609817061,1.30218490638,-0.0424107161596
2.549652,0.729171973848,-0.949065298232,0.114503031153,1.17386643236,-0.12174585185,1.30642445879,-0.0423155937425
2.559633,0.730178543744,-0.951599631714,0.114517065172,1.17358833298,-0.12173974936,1.31067484153,-0.0423731316044
2.569614,0.731020072179,-0.953985851108,0.114513946623,1.17371101721,-0.121582006936,1.31473598343,-0.0424984966013
2.579596,0.731954326072,-0.956327429171,0.114298315411,1.1738112104,-0.121411226592,1.31888558005,-0.042729372256
2.589577,0.732812742026,-0.958474750427,0.114156020633,1.17360283084,-0.12150119723,1.32314937412,-0.042928428363
2.599558,0.733506199364,-0.960439199379,0.114126415707,1.17326834222,-0.121829012474,1.32719116566,-0.0430113659465
2.609540,0.734247875642,-0.962433502929,0.11387449069,1.17311127428,-0.122211014755,1.33088815894,-0.0429431193089
2.619521,0.735223374945,-0.964571469799,0.113508042332,1.17312269684,-0.12237263333,1.3346525086,-0.0427430989307
2.629502,0.736132087939,-0.966651262732,0.113390723805,1.17293770194,-0.122257052256,1.33856533746,-0.0426541663618
2.639484,0.736831700547,-0.968450923705,0.113484909763,1.17247641129,-0.12199800681,1.34234272261,-0.0427082973208
2.649465,0.737552278321,-0.969949241726,0.113494557813,1.17201213664,-0.121824292843,1.34595786499,-0.0427154653792
2.659447,0.738427327649,-0.971506323618,0.113388506496,1.17183052071,-0.121902566994,1.34976936644,-0.0427134082237
2.669428,0.739193395002,-0.973482422367,0.113496151634,1.17184614596,-0.122100879403,1.35367165685,-0.0429274264839
2.679409,0.739834410684,-0.975576559274,0.113699999726,1.17183142045,-0.122332591201,1.35729189976,-0.0432701893096
2.689391,0.74045479967,-0.977422410162,0.113754390429,1.17186685659,-0.122548253471,1.36071031245,-0.0435318501004
2.699372,0.741279618479,-0.979126852715,0.113698578299,1.17174898118,-0.122667589469,1.36414478677,-0.0435470605755
2.709353,0.742294578748,-0.980985187735,0.113565464968,1.17152621336,-0.122722827253,1.36738594152,-0.043453726736
2.719335,0.74325883206,-0.982864105464,0.113420709523,1.17143226744,-0.122706049129,1.37027725178,-0.0434841906308
2.729316,0.744000975542,-0.984518943837,0.113313589147,1.17145637923,-0.122546468676,1.37287109717,-0.0436944817522
2.739298,0.74462076333,-0.98606319966,0.113104093803,1.17136828917,-0.122361579398,1.37527348842,-0.0438349849333
2.749279,0.745255645992,-0.987544855836,0.112862103514,1.1711238168,-0.122393956768,1.37775145818,-0.0437461579915
2.759260,0.74600819496,-0.989012963727,0.112569928417,1.17080217288,-0.122536014629,1.3801651839,-0.0435822965967
2.769242,0.746926128464,-0.990822116978,0.112563365399,1.17064983051,-0.122546196339,1.38216487395,-0.0437641061934
2.779223,0.748174138152,-0.992830510504,0.112966281049,1.17079585402,-0.122639754805,1.38368705509,-0.0441443430819
2.789204,0.749432999034,-0.994604105395,0.113156481139,1.17106205093,-0.122840073129,1.38518203921,-0.0443741845159
2.799186,0.75029526485,-0.996083330378,0.112918775807,1.17127781866,-0.122862533512,1.38674633866,-0.0445053942266
2.809167,0.750824204076,-0.997582652539,0.112695953271,1.1715467568,-0.122707500107,1.38807188995,-0.0445183432386
2.819148,0.751453176829,-0.999344637927,0.112771437303,1.17195258557,-0.122683252329,1.38916723014,-0.0441705214845
2.829130,0.752231455368,-1.00104131684,0.112813291073,1.1719894603,-0.122625042612,1.39032978238,-0.0439664564353
2.839111,0.753159497889,-1.00264693081,0.112580502763,1.17183785218,-0.122665698639,1.39122938126,-0.0441464279886
2.849093,0.754220028364,-1.00438282104,0.112328806932,1.17182517824,-0.122914901788,1.39182306966,-0.044293761886
2.859074,0.755241373946,-1.00603653337,0.112304977031,1.17183169294,-0.122998861182,1.39248208469,-0.0441712465366
2.869055,0.756263874474,-1.0076150667,0.112273319247,1.17177727619,-0.122889325583,1.39326746192,-0.0442157369395
2.879037,0.757368333072,-1.00909716424,0.112216271477,1.17165801889,-0.122764838962,1.39406446838,-0.044564377003
2.889018,0.758363281988,-1.01023690241,0.112458391024,1.17143825158,-0.122642078207,1.39472554188,-0.0448221668023
2.898999,0.759074287687,-1.01127159384,0.112852347047,1.17121142482,-0.122555652301,1.39503899898,-0.0447543059094
2.908981,0.759884783189,-1.01269647197,0.112774570023,1.1709550567,-0.122512255018,1.39516189869,-0.0446612362527
2.918962,0.760900748038,-1.01430644526,0.1124560276,1.17064061166,-0.122308421788,1.39510790245,-0.0446628287547
2.928943,0.761905443251,-1.0157540559,0.112199422252,1.17050305081,-0.122028588479,1.39475665676,-0.0447034626343
2.938925,0.762760829623,-1.01690461998,0.112102412771,1.17081583108,-0.121952528743,1.39460032485,-0.0446563120723
2.948906,0.763554754384,-1.01792604001,0.112210926321,1.171015019,-0.122223501894,1.39469371108,-0.0446143964556
2.958888,0.764402419884,-1.0189973097,0.11230512503,1.17077801059,-0.122618875359,1.39463229896,-0.0445889516117
2.968869,0.765296957151,-1.02016281687,0.112041963879,1.17053514078,-0.122671436788,1.39433017339,-0.0444772764668
2.978850,0.766027597176,-1.02130188024,0.111722222863,1.17052218465,-0.122391626317,1.39413405242,-0.0444655949067
2.988832,0.766643695099,-1.02231117122,0.111856276439,1.17036793087,-0.122305053176,1.39411302985,-0.0447216686761
2.998813,0.767592998603,-1.02319587057,0.112087856261,1.1701947252,-0.122264156094,1.39431310604,-0.0449903400226
3.008794,0.768802954232,-1.02404943261,0.111842125257,1.17030260891,-0.122346949234,1.39459064205,-0.0451904409444
3.018776,0.769714381044,-1.02507447753,0.111313163096,1.17058666775,-0.122542797264,1.39460587741,-0.0452986865877
3.028757,0.770354991981,-1.02615997175,0.110928436622,1.17079600911,-0.122526198306,1.39449182643,-0.0452011161667
3.038739,0.771031321888,-1.02711807948,0.110762893512,1.17086340561,-0.122370910733,1.3945021698,-0.0450948295119
3.048720,0.771854756168,-1.02796411013,0.110626481069,1.17078781446,-0.122430670419,1.39466882443,-0.0451753787021
3.058701,0.772823250647,-1.02876794879,0.110300597475,1.1706226022,-0.122689674722,1.39494370488,-0.0450973120766
3.068683,0.773845878763,-1.02946990749,0.109867619315,1.17059330162,-0.123115477935,1.39522812058,-0.0450089020867
3.078664,0.774588509854,-1.03012207128,0.109248724342,1.17078343053,-0.123384968043,1.39545427852,-0.0451254455127
3.088645,0.775008476763,-1.03069238094,0.108426296538,1.17105098047,-0.123292286819,1.3959161876,-0.0453165502005
3.098627,0.775483167876,-1.03129424055,0.107636826657,1.17098262018,-0.123283685376,1.39661209264,-0.0453482451267
3.108608,0.776169679592,-1.03209332202,0.106851421236,1.17077288949,-0.123618248471,1.39688692704,-0.0453113990023
3.118589,0.776956869595,-1.03285520293,0.106092953062,1.17075808944,-0.124027396001,1.39648193763,-0.0454419797199
3.128571,0.777746572268,-1.03333896429,0.105566659064,1.17088279006,-0.124042393789,1.39608523773,-0.0456256510083
3.138552,0.778543653978,-1.03400867752,0.105106232361,1.1710314601,-0.123589744162,1.39636581663,-0.0454157578113
3.148534,0.779307203469,-1.03488898183,0.104477469795,1.1712269983,-0.123260698539,1.39665134825,-0.0451783846686
3.158515,0.779975002895,-1.03554857081,0.103744879722,1.17113921434,-0.12332782228,1.39656453166,-0.0452451522217
3.168496,0.780512298682,-1.03614519245,0.102925282398,1.17071634825,-0.12351316508,1.3961671152,-0.0455509594813
3.178478,0.781229670687,-1.03671639274,0.10187873088,1.17018101727,-0.123627633637,1.39574517042,-0.0458131936317
3.188459,0.782018516808,-1.03715868342,0.100895876825,1.1698462893,-0.123606322103,1.39579595442,-0.0457437615503
3.198440,0.782457708617,-1.03766153095,0.100263083239,1.16976783885,-0.123633966274,1.39626933456,-0.0454875473083
3.208422,0.782626740708,-1.03835965998,0.0997854292072,1.16965263874,-0.123881595914,1.3965428105,-0.0456207763349
3.218403,0.783174313631,-1.03886467005,0.0991363803964,1.16938404534,-0.124003921809,1.39654560696,-0.046090566864
3.228385,0.783855884868,-1.03915122276,0.0984441995093,1.16925867261,-0.124103818468,1.39645590144,-0.0461575905555
3.238366,0.784186630068,-1.0396638548,0.0978776976157,1.16923110675,-0.124069522263,1.39611990923,-0.0460176104664
3.248347,0.784306119146,-1.04033393291,0.0974242325121,1.16918338258,-0.12373705122,1.39589065175,-0.0460018611965
3.258329,0.784507172422,-1.04100377082,0.0968907444936,1.16915027451,-0.123620874861,1.39603544828,-0.0461094336541
3.268310,0.784712702052,-1.04166694237,0.0962156746827,1.16911410098,-0.123864115789,1.39626499187,-0.0462341898794
3.278291,0.784741938632,-1.04223179683,0.0957067093509,1.16906717271,-0.124170808864,1.3963595268,-0.0462945532166
3.288273,0.784678458569,-1.04264543387,0.0955473806841,1.16900325089,-0.124351223098,1.39631968976,-0.0463392490813
3.298254,0.784869158367,-1.04313370198,0.0952149652524,1.16887772247,-0.12437140004,1.39620410568,-0.0464741975392
3.308235,0.785141107738,-1.04380264931,0.0947154272457,1.16895107467,-0.124275045474,1.39628743629,-0.0464282209634
3.318217,0.78520009869,-1.04458476014,0.0941906930629,1.16917621559,-0.124113320246,1.39652258652,-0.046417770769
3.328198,0.785266619905,-1.04550289672,0.0936624521496,1.16928625939,-0.123892984738,1.39664266844,-0.0465309478356
3.338180,0.785458306581,-1.04608877133,0.0932146055406,1.16927158787,-0.123746603781,1.39662230462,-0.046561828149
3.348161,0.78560970789,-1.04636299727,0.092778155205,1.16949814688,-0.123751249101,1.39666391355,-0.0464424826111
3.358142,0.785655719316,-1.04686773574,0.0922159619474,1.16993655669,-0.123696269174,1.39680496402,-0.0463871775468
3.368124,0.785804977945,-1.04778132888,0.0916502958391,1.16999737236,-0.123435799691,1.3969440712,-0.0464858059008
3.378105,0.786121896631,-1.04856244507,0.0913011476167,1.16960507387,-0.123183063659,1.39706879589,-0.0464017380584
3.388086,0.786118557358,-1.04903048102,0.0908518832372,1.16935590845,-0.122665090183,1.39710800834,-0.0462942562429
3.398068,0.786083744372,-1.04935836582,0.0901091135421,1.16937396431,-0.122030664355,1.39720473508,-0.0463725319474
3.408049,0.786052338096,-1.04979584745,0.0895500663991,1.16950440044,-0.121685100297,1.39746797726,-0.0465554345811
3.418030,0.785990082097,-1.05028632983,0.089268390149,1.16947250513,-0.121689487223,1.3979519692,-0.0465109583516
3.428012,0.786081563375,-1.05071789608,0.0890778581041,1.16922021635,-0.121729434733,1.39865792721,-0.0462931693157
3.437993,0.786061144127,-1.05102555451,0.0889471626001,1.16885855579,-0.121429403873,1.39943643256,-0.046265279514
3.447975,0.78569073103,-1.05126870049,0.0888600699957,1.16848605553,-0.120708423879,1.40011404175,-0.046549458862
3.457956,0.785705282168,-1.05170933782,0.0886105856588,1.16817419849,-0.120064645406,1.40080585353,-0.0467219654186
3.467937,0.785802081242,-1.05219994525,0.0879409624433,1.168042518,-0.119623045558,1.40156610853,-0.0466696153305
3.477919,0.785703227057,-1.05256606436,0.0872051410857,1.16800697597,-0.119098633648,1.4022787753,-0.046538886543
3.487900,0.785406785278,-1.05273340952,0.0868003456291,1.16779342217,-0.118427801652,1.4027619925,-0.0465845612489
3.497881,0.785186676351,-1.05296109211,0.0866167466198,1.16759664385,-0.117785349611,1.403320115,-0.046767802638
3.507863,0.785129575128,-1.05342463074,0.0864986051443,1.16767410937,-0.117260713868,1.40405151343,-0.0468411016573
3.517844,0.785105824965,-1.05382127623,0.0864606655481,1.16791702556,-0.116938972081,1.40456403098,-0.0467702920745
3.527826,0.785083482583,-1.05383834189,0.0864692386903,1.16804933843,-0.116735024516,1.40460602997,-0.0467204912669
3.537807,0.785171519986,-1.05385172109,0.0864636667228,1.16807788026,-0.116405300792,1.4046145305,-0.0466905088333
3.547788,0.785177787834,-1.05384253688,0.0865498586057,1.16818710781,-0.116375867417,1.40471159048,-0.0467462751014
3.557770,0.785130628807,-1.05393343503,0.0865080860135,1.16845042373,-0.116467619242,1.40485097292,-0.0469672070697
3.567751,0.785020609672,-1.05392527392,0.0863980430684,1.16882925668,-0.11621390818,1.40481910203,-0.046945876115
3.577732,0.784965209448,-1.05390080939,0.0863183605372,1.16908872313,-0.115956151452,1.40463186115,-0.0468896625777
3.587714,0.785127114753,-1.05409570633,0.0861598644528,1.16904573796,-0.115886516004,1.40444033244,-0.0469148111475
3.597695,0.785309358026,-1.05439348891,0.0860364561975,1.16892106591,-0.115735453741,1.40430456765,-0.0469610771098
3.607676,0.785165970719,-1.05449193052,0.0861403080955,1.16908008616,-0.115513052868,1.40424600241,-0.0471138146988
3.617658,0.784922156399,-1.0543834502,0.0861581429,1.16931475169,-0.115579798001,1.40428067281,-0.0471368088023
3.627639,0.784654771826,-1.05407539341,0.0861657967609,1.16950541136,-0.1156531478,1.40437020509,-0.0470448157305
3.637621,0.784472566166,-1.0538468272,0.0862524261727,1.16944362304,-0.115565185858,1.40460448554,-0.0468933531527
3.647602,0.784651125877,-1.05366790917,0.0864084778239,1.16942292777,-0.115509983562,1.40449388215,-0.0468371161934
3.657583,0.785008910654,-1.0535673711,0.0864151797249,1.16948866968,-0.115519378244,1.40412725185,-0.0468582873864
3.667565,0.785297825246,-1.05355410042,0.086199599091,1.16942343378,-0.115429155473,1.40402484768,-0.0469359253143
3.677546,0.785359899243,-1.05354864522,0.0859461979356,1.16927503071,-0.115237676232,1.40418339248,-0.0471025848247
3.687527,0.785247504551,-1.05354337998,0.0859090437376,1.16926835286,-0.115203719552,1.40426438156,-0.0472056397205
3.697509,0.785224278907,-1.05348704048,0.0860280052327,1.16934599232,-0.115406312649,1.40428429848,-0.0470533443415
3.707490,0.784818989771,-1.05329665792,0.086047994017,1.169379366,-0.115557004932,1.4040485365,-0.0469598301886
3.717472,0.78451093244,-1.05313339502,0.0859442717332,1.16924792144,-0.115755364144,1.40398983189,-0.047196262148
3.727453,0.784385363169,-1.05331435116,0.0857665860153,1.16914189883,-0.115685279893,1.40407175711,-0.0473655730362
3.737434,0.784357966328,-1.05343495606,0.0857268630128,1.1690568437,-0.115577663317,1.40405249186,-0.0473231456404
3.747416,0.784287485218,-1.05333742988,0.0858676658082,1.16897895568,-0.115729345407,1.40403414684,-0.0471895262724
3.757397,0.784168202746,-1.05325191636,0.0860420284443,1.16905991994,-0.115881558649,1.40404886752,-0.0471415837413
3.767378,0.784324210147,-1.05311514917,0.0860923907982,1.16923556348,-0.115807228683,1.40399884189,-0.0473522195969
3.777360,0.784681760128,-1.05282070111,0.0859231128675,1.16919366108,-0.115915764593,1.40396624477,-0.0474455771294
3.787341,0.78494899864,-1.05273541235,0.0856577035524,1.16909319759,-0.116118073636,1.40375954396,-0.0472571876997
3.797322,0.784979446922,-1.05283166214,0.0857258737844,1.16888044319,-0.116284148464,1.4036704551,-0.0473229380882
3.807304,0.785116195397,-1.05308306516,0.0858573601394,1.16887476209,-0.116395922712,1.40376756423,-0.0476777318137
3.817285,0.78521902991,-1.05334271409,0.0860136178903,1.16895192557,-0.116343164911,1.40362802953,-0.0477685953744
3.827267,0.78501386827,-1.05342241015,0.0859842127591,1.16899362433,-0.116191990636,1.40349438571,-0.047594317311
3.837248,0.784711253938,-1.0533638596,0.085605207581,1.16911899731,-0.116050724198,1.40378359932,-0.0475705732169
3.847229,0.784679647581,-1.05344632567,0.0853427539644,1.16925638637,-0.115939909343,1.404191303,-0.0476979944764
3.857211,0.784774115132,-1.05364238726,0.0853079677266,1.16924768027,-0.115996989838,1.40426789572,-0.0475182969623
3.867192,0.784921492495,-1.05364194677,0.0854924000532,1.16915643106,-0.116009072468,1.40401697413,-0.0474138179335
3.877173,0.784951379205,-1.05356561505,0.0860517575541,1.1691032751,-0.11589757133,1.40367940392,-0.0475367402891
3.887155,0.784796422595,-1.05322429725,0.0860391634698,1.16905984002,-0.115950959257,1.40348007151,-0.0476350226618
3.897136,0.784698907972,-1.05292036546,0.0857458091174,1.16871439221,-0.115909275275,1.40346314925,-0.047646435831
3.907117,0.785036521941,-1.05297816923,0.0857982132166,1.16856209903,-0.115987028271,1.40341138847,-0.0475619163654
3.917099,0.785542468101,-1.05325331646,0.0860684575959,1.1688932324,-0.116443631204,1.40315864622,-0.0473264802036
3.927080,0.78543115567,-1.05340082803,0.086268165911,1.16899670765,-0.116641526447,1.40270117907,-0.0471547206092
3.937062,0.785080419291,-1.05335930112,0.0863695742725,1.1691043514,-0.116589847715,1.40205175948,-0.0472884135172
3.947043,0.784659408898,-1.05337204308,0.0863190097697,1.16949616076,-0.116849203714,1.40162495103,-0.0474559083483
3.957024,0.78436977916,-1.05357276984,0.0859705900545,1.16989895822,-0.116827987807,1.4014649241,-0.0476409523166
3.967006,0.784466445893,-1.05356495194,0.0858954096427,1.17030275802,-0.116719025737,1.4016968614,-0.0476697829323
3.976987,0.784603878918,-1.05346875302,0.0861900399245,1.17085409498,-0.116833064449,1.40212845004,-0.0475863933339
3.986968,0.784732313734,-1.05350417586,0.0860754709283,1.17145941208,-0.116831879767,1.40248162827,-0.0476673969716
3.996950,0.784895558357,-1.05360952963,0.0854486893187,1.17191626528,-0.116607708127,1.4027489559,-0.0478908206317
4.006931,0.784936531628,-1.05364003948,0.0851305465562,1.17212842976,-0.116433614647,1.40296286797,-0.0478228318413
4.016913,0.78521793778,-1.05348532645,0.084860219885,1.17230397398,-0.116299581524,1.40293160873,-0.0475329840187
4.026894,0.785322430778,-1.05333202268,0.0847515886871,1.17268490971,-0.116629465132,1.40282145413,-0.047436247327
4.036875,0.784987613324,-1.05315724343,0.0846118150346,1.17328318327,-0.117001882305,1.4023586,-0.0474484804357
4.046857,0.784883047436,-1.05312645461,0.0847055619088,1.17402515191,-0.117627312359,1.40174005175,-0.0474698395394
4.056838,0.784957001947,-1.05311069213,0.0846255178389,1.17490928216,-0.117960535291,1.40122111629,-0.0475927081188
4.066819,0.784905887622,-1.05278567744,0.0841591231751,1.17577012588,-0.117749930113,1.40075788087,-0.0478216803683
4.076801,0.78481241036,-1.05230012711,0.0837205776472,1.17632904867,-0.117555896366,1.40042451427,-0.0479318912447
4.086782,0.784884850457,-1.05206041423,0.0835867021538,1.17660374668,-0.117591211232,1.40037849872,-0.0478554205804
4.096763,0.785172817378,-1.05168422736,0.0834929090782,1.17685768183,-0.117579618804,1.40039111594,-0.0479497879914
4.106745,0.7852679688,-1.05131669448,0.0832145162201,1.17702668028,-0.117736299058,1.40044134294,-0.0478939989499
4.116726,0.785243953658,-1.0510427059,0.0832045202452,1.17768148736,-0.117975567002,1.4003951149,-0.0480360509376
4.126708,0.785170497697,-1.05041527286,0.0834881709298,1.17875647703,-0.118338716005,1.40001730556,-0.0479890818061
4.136689,0.785150194138,-1.04991100481,0.0835431224553,1.17953829675,-0.118514357737,1.39989642832,-0.0478372546054
4.146670,0.785360975241,-1.04971945164,0.0833773471827,1.18013406475,-0.118308820579,1.40014864922,-0.0479207361992
4.156652,0.785475490129,-1.04953112188,0.083161914224,1.1806497882,-0.117886823872,1.40034766693,-0.0480223862309
4.166633,0.784951402171,-1.04936076846,0.0827591913745,1.18074551518,-0.117585866637,1.40046448302,-0.0479621584318
4.176614,0.784634675341,-1.04906027019,0.0824943423033,1.18122837217,-0.117662395141,1.400542417,-0.048132946293
4.186596,0.784760527094,-1.04873226355,0.0826324741338,1.18200354395,-0.117675085388,1.40048465563,-0.0480807882405
4.196577,0.784943075665,-1.04846145267,0.0828106789874,1.18268402335,-0.117185563726,1.40043171141,-0.0480126240244
4.206559,0.784971657652,-1.04823169608,0.0826545290214,1.18329732789,-0.117075484143,1.40009943562,-0.0480263306449
4.216540,0.785176453136,-1.04779045584,0.0823786332963,1.18412036139,-0.117394860979,1.39975977247,-0.0480837369678
4.226521,0.785468349975,-1.04717048368,0.082264119801,1.18486426605,-0.117661805961,1.39978834258,-0.0481608875664
4.236503,0.785562243858,-1.04662446936,0.0823510546658,1.18520826563,-0.117686193911,1.40015045861,-0.0480633913739
4.246484,0.785493243393,-1.04616325636,0.0823950058733,1.18543195898,-0.117420147088,1.400689217,-0.0477500656831
4.256465,0.785272868848,-1.04577245176,0.0822729015581,1.18570334183,-0.117228768368,1.40114770117,-0.0476943661591
4.266447,0.785318444467,-1.04563271023,0.0822752414283,1.18622515604,-0.117254287987,1.40112085598,-0.0477912940702
4.276428,0.785394248182,-1.04549332947,0.0823200879227,1.18673919932,-0.117382299831,1.40088866473,-0.047985278292
4.286409,0.785495403964,-1.0451343479,0.082113796328,1.1869185573,-0.117374616278,1.40046613856,-0.0480854561849
4.296391,0.785658118055,-1.04484871605,0.0819911344075,1.18696238501,-0.117481698229,1.40011125548,-0.0480537147705
4.306372,0.785522927151,-1.04468204646,0.0819643188057,1.18705791354,-0.117730193568,1.40008962421,-0.0479891738853
4.316354,0.785177393232,-1.04451980909,0.0818924061976,1.18710241761,-0.117760832221,1.40020799747,-0.0480699558408
4.326335,0.785248962133,-1.04445627975,0.0821657069054,1.18705633738,-0.117560698464,1.40014904382,-0.0483063774618
4.336316,0.785174295473,-1.04426796298,0.0823876583471,1.18716144282,-0.117610374537,1.40015784756,-0.0483247012029
4.346298,0.785009076725,-1.04397133814,0.0820341086783,1.18713345135,-0.117856502315,1.40037104586,-0.0484426134652
4.356279,0.785120116721,-1.04385959464,0.0818496299411,1.18700187812,-0.117616334962,1.40034018008,-0.0484733732984
4.366260,0.785647353968,-1.04359780263,0.0819603975881,1.18706554892,-0.117462665107,1.40017247012,-0.0484196220409
4.376242,0.786045089573,-1.04331834883,0.0818757068991,1.18712637489,-0.117550128172,1.39990666962,-0.0485787108824
4.386223,0.786175415839,-1.04318794103,0.0816979622294,1.18708326018,-0.117788772538,1.39950266137,-0.0486494489478
4.396205,0.786176081553,-1.04312788717,0.0818506936954,1.18724149124,-0.11800027464,1.39932528105,-0.048285448757
4.406186,0.785849801312,-1.04314584422,0.0821607975545,1.18751994176,-0.117605106389,1.39968949688,-0.0480318933692
4.416167,0.785410618572,-1.04294146168,0.0821150641439,1.18736259023,-0.11735713972,1.40009306385,-0.0481466622528
4.426149,0.784964503473,-1.04285039775,0.0822524671585,1.18731376525,-0.117372277147,1.40021876398,-0.0482815571226
4.436130,0.784789175199,-1.04308354923,0.0821098312647,1.18712788618,-0.117505685542,1.40021546029,-0.0483497982036
4.446111,0.784833304535,-1.04316597493,0.0817606619533,1.18678531016,-0.117491254894,1.40020546473,-0.0481561853425
4.456093,0.78498409625,-1.04321687229,0.0817823292369,1.18657030827,-0.117536797686,1.40011319199,-0.0480787688709
4.466074,0.785122504351,-1.04332525705,0.0819448342913,1.18668731969,-0.11761617634,1.39985428159,-0.0481795405658
4.476055,0.78512869404,-1.0432412354,0.0819342546382,1.18702464893,-0.117453946242,1.39963677873,-0.0481223792436
4.486037,0.785136942158,-1.04318083271,0.0820868597242,1.18717959971,-0.117410312654,1.39978267171,-0.0481813365399
4.496018,0.785209909192,-1.04329392092,0.0821305416269,1.18732303413,-0.117679481503,1.39992361717,-0.0485087437375
4.506000,0.785297598447,-1.04323126893,0.0821283240533,1.18720135809,-0.117512085689,1.40010741938,-0.0486393655527
4.515981,0.785122504377,-1.04305252298,0.082130454718,1.18669694467,-0.11735445258,1.40018222187,-0.0485825794855
4.525962,0.784836686993,-1.04344140128,0.0821770584869,1.1862330628,-0.117464625902,1.4000743531,-0.0484067241433
4.535944,0.784771315962,-1.04397971629,0.0822553016623,1.18631591329,-0.117754290875,1.39979259243,-0.0482428625398
4.545925,0.78500903546,-1.04422109998,0.0821235287489,1.18672581852,-0.117947166512,1.39967592146,-0.0480719845507
4.555906,0.785257093792,-1.04443790605,0.0818279480912,1.18686178818,-0.117886230576,1.40003386538,-0.0478466663782
4.565888,0.785204505279,-1.04458167681,0.0819445196138,1.1865553742,-0.117866224721,1.4003312372,-0.0479912792345
4.575869,0.785234239529,-1.04422044949,0.0820545779312,1.18610921563,-0.117715741155,1.4002450628,-0.0485588814548
4.585850,0.785104846467,-1.04391328861,0.0817852226399,1.18623410739,-0.117800461381,1.40015887814,-0.0487371244617
4.595832,0.785007054512,-1.04394085149,0.0819443265831,1.18668942852,-0.117556735881,1.40004066167,-0.0483229295095
4.605813,0.784993424095,-1.04425816968,0.0822048574683,1.18688384546,-0.117298482577,1.39967913848,-0.0481943374331
4.615795,0.78494897699,-1.04436872661,0.0819527758275,1.18677111104,-0.117557815497,1.39941116604,-0.0483524762096
4.625776,0.784885980779,-1.0442612694,0.0817828964299,1.18642486019,-0.117788404726,1.39938339415,-0.0485115845343
4.635757,0.785031137084,-1.04432740522,0.0821813096579,1.1862352511,-0.117579659643,1.39938145748,-0.0486734134064
4.645739,0.785311276155,-1.04431028053,0.0823102778188,1.18656950254,-0.117558461319,1.39941303547,-0.04857891109
4.655720,0.785007367686,-1.0440796616,0.0821704455303,1.18644065071,-0.117570378463,1.39958334567,-0.0483282136501
4.665701,0.784805543595,-1.04413157386,0.0821128179296,1.18624339729,-0.117990936723,1.39989618625,-0.048210764388
4.675683,0.785028760626,-1.04422505005,0.0822220747467,1.18633355442,-0.117895477841,1.39994275402,-0.0484475617467
4.685664,0.785060998585,-1.04422963604,0.0825315777036,1.1864294182,-0.117843726187,1.40001098377,-0.0484931896605
4.695646,0.784971525699,-1.04422922283,0.0826757544045,1.18639288745,-0.117850947551,1.40009927892,-0.0484186056969
4.705627,0.78509068103,-1.04417682478,0.0826530306768,1.18629886729,-0.117814815347,1.39999697746,-0.0485763919313
4.715608,0.785282452795,-1.04393502063,0.0826903576919,1.18633504362,-0.118019718027,1.39989801985,-0.0488446533955
4.725590,0.785364294453,-1.04356209691,0.0825143133312,1.18658036066,-0.117911490849,1.39985364117,-0.0488337158091
4.735571,0.785286407657,-1.04347405881,0.0823712827179,1.18658640842,-0.117932180177,1.39962575102,-0.0484202302144
4.745552,0.784856175171,-1.04354797894,0.0821789408641,1.18676018854,-0.117999428392,1.39974051647,-0.0480886433282
4.755534,0.784818388775,-1.04373748237,0.0820821858109,1.18697813998,-0.117816066828,1.40002070843,-0.0480049335373
4.765515,0.785092016471,-1.04380213769,0.0820345457076,1.18690205537,-0.117823282552,1.40012702158,-0.0480545629174
4.775496,0.785189107025,-1.04361929826,0.0819115192288,1.18672823977,-0.117720139191,1.40006444037,-0.0482159355608
4.785478,0.785005532905,-1.04334829783,0.0818867538733,1.18656830864,-0.117678325251,1.39986430062,-0.0483578068667
4.795459,0.784610684181,-1.04328873334,0.0820667938339,1.18637810641,-0.118152797962,1.39984239396,-0.0482973057237
4.805441,0.784420194963,-1.04352735144,0.0822025082968,1.18633952209,-0.118157991633,1.40021248004,-0.0483240472963
4.815422,0.784766963812,-1.04362145635,0.0824026374597,1.18633199557,-0.118046936199,1.40002482711,-0.0486581628344
4.825403,0.785036122278,-1.04343966519,0.0825305514418,1.18633049093,-0.118114628653,1.39968927156,-0.04881152703
4.835385,0.784938489583,-1.04358806014,0.0826242974067,1.18637133276,-0.118114825529,1.39982726052,-0.048815421136
4.845366,0.784903734491,-1.04368280308,0.0824660720746,1.18650230642,-0.118235207326,1.39983066809,-0.0488170095068
4.855347,0.78520039504,-1.04374866638,0.0825036238038,1.18651114037,-0.118041440408,1.39954739989,-0.0487874283995
4.865329,0.785482822346,-1.04399399625,0.0827867944084,1.18646419624,-0.117570091573,1.39936408139,-0.0486552049172
4.875310,0.785296946318,-1.04396754159,0.0827244797957,1.18655460152,-0.117529182411,1.3993426878,-0.0484723230122
4.885292,0.784993803034,-1.04361717125,0.0825933887663,1.18665534441,-0.117648345185,1.39934165337,-0.0484433670462
4.895273,0.784988615294,-1.04351012941,0.0824822024753,1.18693621926,-0.117910607912,1.39935925617,-0.0484470792244
4.905254,0.784864636486,-1.04352959504,0.0819789262043,1.18664012508,-0.118064597468,1.39949117503,-0.0484507401754
4.915236,0.784761313955,-1.0436815889,0.0817334311609,1.18653099416,-0.117831027483,1.39991461935,-0.0484513638725
4.925217,0.784752674942,-1.04421529419,0.0818630957849,1.18659684738,-0.117783790288,1.40020317911,-0.0484153292039
4.935198,0.784746661782,-1.04461375006,0.0818812822108,1.1865025039,-0.117974314928,1.39992452515,-0.0482944536835
4.945180,0.784741170895,-1.04448220605,0.0818595606496,1.18652990791,-0.11821653081,1.39954239003,-0.0482624496238
4.955161,0.78475070786,-1.04409399396,0.082011390577,1.18656182601,-0.118364032227,1.39956715341,-0.0484185273541
4.965142,0.784845116063,-1.04388576795,0.0819325065881,1.1862166183,-0.118034073946,1.39950595169,-0.0483677183098
4.975124,0.785034995954,-1.04422189033,0.081680784951,1.1862638812,-0.117852178157,1.39965238918,-0.0482554920548
4.985105,0.785103747395,-1.04440032905,0.0815739194483,1.18596342791,-0.117723098251,1.39978573327,-0.0483809986542
4.995087,0.785054536974,-1.04392586124,0.0819607508684,1.18556841803,-0.117863179773,1.39992934019,-0.0485271693319
5.005068,0.784905853581,-1.04360268972,0.0819652606789,1.1854761072,-0.118125485919,1.3998338602,-0.0486744192987
5.015049,0.784880727962,-1.04370507011,0.0816943335564,1.1856718476,-0.118130292384,1.3995120796,-0.0486704436303
5.025031,0.784944304595,-1.04377162195,0.0816239656174,1.18606558224,-0.11797223048,1.39920871798,-0.0485122508002
5.035012,0.785010080547,-1.04371737957,0.0814098322101,1.18619644033,-0.117953355025,1.39913614492,-0.0484795113147
5.044993,0.785439256336,-1.04389261563,0.0811230642706,1.18559734373,-0.117934067082,1.39949214545,-0.0483960460546
5.054975,0.785608983202,-1.04403124813,0.0812803331646,1.18502970961,-0.117789487755,1.39993747449,-0.0482714013803
5.064956,0.785399359263,-1.04422730912,0.081563605293,1.18512331643,-0.117453610028,1.4000466819,-0.0483336393025
5.074937,0.785534273646,-1.04428980305,0.0817009801547,1.18517157153,-0.117449326791,1.39989382294,-0.0482494534905
5.084919,0.78559280211,-1.04415092447,0.0817749208714,1.18522815658,-0.117604922245,1.39990898782,-0.0482035816924
5.094900,0.785455014062,-1.04410391429,0.0814930268752,1.18539113631,-0.117770480962,1.39987010565,-0.0485030779956
5.104882,0.785417109274,-1.04402539598,0.0811411131787,1.18553222266,-0.11795039081,1.39959532912,-0.0488427258747
5.114863,0.785313425354,-1.04375784539,0.0814923954151,1.18573512688,-0.117974818684,1.3994885023,-0.0487658389996
5.124844,0.785192261077,-1.04379207246,0.0819012132495,1.18583249786,-0.117986984446,1.39966080184,-0.048493437614
5.134826,0.785259358674,-1.04365533285,0.0818072038799,1.18581253697,-0.118056692298,1.39978844286,-0.0483763921139
5.144807,0.785184958348,-1.04357745765,0.0812612034782,1.18534654647,-0.1182128994,1.39993398755,-0.0486406854808
5.154788,0.78519403117,-1.04361925698,0.0811453879393,1.18522436208,-0.118205795292,1.39984318753,-0.0486591976617
5.164770,0.785058465744,-1.04376566812,0.0812950362535,1.18533620822,-0.118403272374,1.39971933142,-0.0485756356056
5.174751,0.785166354537,-1.04379508055,0.0814559320434,1.18534176192,-0.118549115858,1.39970891638,-0.0487177586176
5.184733,0.785463029042,-1.0437772408,0.0816202369448,1.18533725954,-0.118386721034,1.39970838306,-0.0488523612088
5.194714,0.785426102369,-1.04405305195,0.0815551759496,1.18532190557,-0.118256704226,1.39970786592,-0.0485819855984
5.204695,0.785683572139,-1.04421303896,0.0815357857922,1.18522646947,-0.118057057926,1.39970736443,-0.0482531553657
5.214677,0.785337491604,-1.04413455523,0.0818648268597,1.18503242517,-0.118002577556,1.39970098239,-0.0486676646688
5.224658,0.785332077011,-1.04415783274,0.0819368629794,1.18503608387,-0.118051661335,1.39965030389,-0.0488821857486
5.234639,0.785703087126,-1.04395119174,0.0815471006669,1.18534588191,-0.118214056857,1.39945870768,-0.0487257505236
5.244621,0.786153042228,-1.04401693433,0.081288479819,1.18525043328,-0.118225142239,1.39938597121,-0.0487456117041
5.254602,0.786302339139,-1.0441207206,0.0812889404352,1.18495221059,-0.118314798675,1.39965489195,-0.0487657843275
5.264583,0.786034100673,-1.04374802569,0.0813998157762,1.18491495977,-0.11829656489,1.39991494561,-0.0487098618841
5.274565,0.785901994572,-1.04353682558,0.0814852632095,1.18491133369,-0.1177494963,1.39984741817,-0.0487835849548
5.284546,0.785974063241,-1.04386695797,0.0812482846991,1.18491515477,-0.11772411387,1.39985030222,-0.048614331325
5.294528,0.785825374948,-1.0440037572,0.0811186469977,1.18496890359,-0.117987723898,1.39963554762,-0.0484893225036
5.304509,0.785685688571,-1.0440522898,0.0814816778393,1.18507556225,-0.118197214103,1.39981620284,-0.0483321163766
5.314490,0.785489537155,-1.04424984763,0.081896596288,1.18479337643,-0.118017676939,1.39983997042,-0.0483887581765
5.324472,0.785407899082,-1.04438411711,0.0820617277135,1.1845811396,-0.118202575908,1.39974253464,-0.0483994265053
5.334453,0.785691923334,-1.04437807441,0.0821478211347,1.18481668835,-0.118291171377,1.39987975924,-0.0485298855918
5.344434,0.786077577099,-1.04425772962,0.0818833697268,1.18494657467,-0.118219605969,1.40005628647,-0.0487578575694
5.354416,0.786225647879,-1.04404514164,0.0813864522954,1.18457891858,-0.118574447879,1.39998413884,-0.0484973339009
5.364397,0.786410007538,-1.04391902331,0.0817640732998,1.18449643035,-0.118088983409,1.39986179686,-0.0482618259332
5.374379,0.786289524987,-1.04372411219,0.0818829991436,1.1845444607,-0.11822534948,1.40000449845,-0.0483119758856
5.384360,0.785759059468,-1.04371909779,0.0821569982158,1.18461599663,-0.118325389719,1.40013396023,-0.0485928767256
5.394341,0.785815853433,-1.04407829263,0.0821807856348,1.18413682571,-0.11796544433,1.40026300936,-0.048234314943
5.404323,0.786122930858,-1.04415272299,0.0820044150183,1.18372911088,-0.117817454783,1.40005100528,-0.0479130550012
5.414304,0.786436232775,-1.04386653319,0.0817519566782,1.18367393123,-0.117684728494,1.39973569835,-0.0482882140942
5.424285,0.786804787477,-1.04366994445,0.0817097874468,1.18353970836,-0.117463529812,1.39972124262,-0.0486443287025
5.434267,0.786747482897,-1.04374240336,0.0820760224916,1.18322809929,-0.117820309859,1.39991064129,-0.0485031555756
5.444248,0.786535353183,-1.04386985206,0.0817857107108,1.18296803593,-0.118194545764,1.40015596049,-0.0487454604952
5.454229,0.786459451311,-1.04373369835,0.0815913526905,1.18283281978,-0.118073248369,1.39982612185,-0.0486243618898
5.464211,0.786419533431,-1.04364427817,0.0814292391225,1.18258449291,-0.117853874449,1.39951180503,-0.0484070521466
5.474192,0.786279408411,-1.04367487554,0.0815721504059,1.18227095637,-0.118105195766,1.39975916109,-0.0486859351025
5.484174,0.786482341268,-1.04382749326,0.082074067156,1.18210166162,-0.1182283621,1.39983584115,-0.0489374219521
5.494155,0.786786816996,-1.04386710543,0.0825334605449,1.18194118931,-0.118199294101,1.399545924,-0.0488160669203
5.504136,0.786702017294,-1.04380152955,0.0825034690691,1.18171793315,-0.118149934544,1.39934059759,-0.0486134498641
5.514118,0.786482835015,-1.04389465185,0.0818273781373,1.18139258383,-0.117855914559,1.39942672568,-0.0485020497537
5.524099,0.78635453192,-1.04381035644,0.081334750844,1.18075725657,-0.117986188468,1.39978235888,-0.0484460737935
5.534080,0.786142035445,-1.04394748113,0.0816912954353,1.18053662854,-0.118166319902,1.40010263701,-0.0487367737285
5.544062,0.78604266157,-1.04401010749,0.0817737573421,1.18046282048,-0.118471131182,1.39974784264,-0.0487242794578
5.554043,0.786040147204,-1.04384323742,0.0816580011538,1.18009475484,-0.118141434013,1.39976620489,-0.0486103571499
5.564025,0.786052446967,-1.04390487937,0.0816526680267,1.17995131553,-0.117913163857,1.39984625952,-0.0486216067866
5.574006,0.78619244394,-1.0443379174,0.0816529969584,1.17981254891,-0.11816489892,1.39954294832,-0.0487646424491
5.583987,0.786401973381,-1.0446681646,0.0816594877254,1.17942509812,-0.118166716372,1.39920248352,-0.0489527206126
5.593969,0.78651770042,-1.04470729233,0.0817560117687,1.17946270739,-0.117859480439,1.39895771538,-0.0487050752598
5.603950,0.786652756509,-1.04516539778,0.0819635505559,1.17960321309,-0.117906351782,1.3988372394,-0.0482891711293
5.613931,0.786509978432,-1.04552276335,0.0819330831426,1.17951007172,-0.117821880987,1.39868496412,-0.0486514997034
5.623913,0.786374320069,-1.04559233714,0.0815791001746,1.17948789231,-0.117901106467,1.39886384014,-0.0487726153578
5.633894,0.786150499272,-1.04544574477,0.0816883590869,1.17881683919,-0.117848348944,1.3994496277,-0.0488277340053
5.643875,0.785848640328,-1.04566040198,0.0816615892254,1.1782379897,-0.117880400965,1.40022491401,-0.0487980071996
5.653857,0.785800630504,-1.0461291844,0.081609763397,1.17817516472,-0.118043828858,1.40048993024,-0.0486368695922
5.663838,0.785982616295,-1.04627145542,0.0818659608952,1.17805679687,-0.118069864175,1.40012959388,-0.0486131213442
5.673820,0.78601073459,-1.04627202417,0.0817026498989,1.17774923739,-0.118165656114,1.39988663866,-0.0485235479863
5.683801,0.786088137847,-1.04665657598,0.0816559229978,1.17755270866,-0.118376135937,1.39945611865,-0.0483837310717
5.693782,0.786396596015,-1.0468565316,0.0817046144613,1.17758491611,-0.118347932048,1.39931098939,-0.0485216362138
5.703764,0.786822746933,-1.04700787788,0.0818544452894,1.17726555515,-0.117933090427,1.39940151113,-0.0486244755024
5.713745,0.78647027606,-1.04678017743,0.0816029487694,1.17697968729,-0.117759079538,1.39999153135,-0.0486476724525
5.723726,0.786065989288,-1.04684618065,0.0814831016815,1.17664355791,-0.118209468851,1.40037295877,-0.0488025369064
5.733708,0.786284705452,-1.0473253288,0.0816639674807,1.17641837315,-0.118332359959,1.39986172883,-0.0488411056774
5.743689,0.786475630072,-1.04767133665,0.0820030739206,1.17646304409,-0.117882860925,1.39915215516,-0.0486592401226
5.753670,0.786087168727,-1.04764256467,0.0823845009984,1.17599367062,-0.118018697763,1.39944786579,-0.0487206559088
5.763652,0.785914204401,-1.04711597793,0.0819586799439,1.17529097924,-0.118001592821,1.39993556605,-0.0487984623785
5.773633,0.785793965328,-1.04714541546,0.0819408573409,1.17500978918,-0.117835092513,1.40018395992,-0.048496011407
5.783615,0.786158913541,-1.04743720776,0.0820445764881,1.17470148357,-0.117919340527,1.40058174635,-0.0485011304179
5.793596,0.786764186388,-1.04738230928,0.0820452886817,1.17378411198,-0.117846325853,1.40061202864,-0.0486268417626
5.803577,0.786744372303,-1.04739095176,0.0820729612526,1.17317846255,-0.117714218881,1.40028884488,-0.0486482089537
5.813559,0.786392116508,-1.04742852116,0.0823423377931,1.173262737,-0.117839583461,1.39995485367,-0.0487804017045
5.823540,0.786139453842,-1.04734889822,0.0826553737593,1.17347164526,-0.118051090399,1.39972338579,-0.0488852814164
5.833521,0.785955653725,-1.04771994845,0.0823985371206,1.17332432993,-0.118079698367,1.39969560331,-0.048691993653
5.843503,0.786438504418,-1.0480800868,0.0821254407728,1.17295177104,-0.118080457423,1.39969566056,-0.0487060721477
5.853484,0.786416886831,-1.04785460277,0.0820904724999,1.17296283803,-0.118080655612,1.39969572117,-0.0488772438063
5.863466,0.786119495153,-1.04783195053,0.0823019977366,1.17285843439,-0.118058661108,1.39969596254,-0.0487720818941
5.873447,0.786173070846,-1.04779352806,0.0823947584553,1.1727337388,-0.117878025241,1.39971265272,-0.0486140413461
5.883428,0.786151963638,-1.04798061301,0.0820778575724,1.17272802129,-0.117902014699,1.3998801403,-0.0483061806339
5.893410,0.785978881149,-1.0483375338,0.0818432198334,1.17271924153,-0.118209871174,1.4000704701,-0.0483393154989
5.903391,0.785955672163,-1.04838061647,0.0820157917931,1.17251296964,-0.118447081201,1.40019554208,-0.0488393390036
